time_s,cadence_rpm,torque_raw_native,torque_ckg,wheel_speed_kph,battery_voltage_v,battery_current_a,assist_level,brake,walk,motor_erps,iq_actual,pas_ab,pas_direction,recorded_iq_request,recorded_iq_ref
607.674,72,1443,nan,10.12,39.8,2.9,3,nan,nan,nan,nan,nan,nan,nan,nan
607.705,72,1195,nan,10.12,39.7,4,3,nan,nan,nan,nan,nan,nan,nan,nan
607.756,72,1019,nan,10.12,39.6,4.31,3,nan,nan,nan,nan,nan,nan,nan,nan
607.807,72,781,nan,10.12,39.7,3.68,3,nan,nan,nan,nan,nan,nan,nan,nan
607.859,72,744,nan,10.12,39.8,3.13,3,nan,nan,nan,nan,nan,nan,nan,nan
607.908,74,751,nan,10.12,39.8,2.74,3,nan,nan,nan,nan,nan,nan,nan,nan
607.958,75,888,nan,10.12,39.8,2.27,3,nan,nan,nan,nan,nan,nan,nan,nan
608.009,75,1138,nan,10.12,39.9,1.8,3,nan,nan,nan,nan,nan,nan,nan,nan
608.058,75,1077,nan,10.12,39.8,2.19,3,nan,nan,nan,nan,nan,nan,nan,nan
608.12,75,1011,nan,10.12,39.8,2.47,3,nan,nan,nan,nan,nan,nan,nan,nan
608.16,75,783,nan,10,39.9,2.19,3,nan,nan,nan,nan,nan,nan,nan,nan
608.209,75,764,nan,10,40,1.41,3,nan,nan,nan,nan,nan,nan,nan,nan
608.267,75,759,nan,10,40,1.01,3,nan,nan,nan,nan,nan,nan,nan,nan
608.314,75,744,nan,10,40.1,0.5,3,nan,nan,nan,nan,nan,nan,nan,nan
608.384,75,1032,nan,10,40,0.78,3,nan,nan,nan,nan,nan,nan,nan,nan
608.411,75,1195,nan,10,40,1.01,3,nan,nan,nan,nan,nan,nan,nan,nan
608.461,75,1236,nan,10,39.9,1.72,3,nan,nan,nan,nan,nan,nan,nan,nan
608.52,75,1136,nan,10,39.7,3.13,3,nan,nan,nan,nan,nan,nan,nan,nan
608.562,75,1039,nan,10,39.7,3.49,3,nan,nan,nan,nan,nan,nan,nan,nan
608.616,75,773,nan,10,39.7,3.25,3,nan,nan,nan,nan,nan,nan,nan,nan
608.662,75,775,nan,10,39.9,2.27,3,nan,nan,nan,nan,nan,nan,nan,nan
608.718,75,779,nan,10,39.9,1.84,3,nan,nan,nan,nan,nan,nan,nan,nan
608.768,75,974,nan,10,39.9,1.49,3,nan,nan,nan,nan,nan,nan,nan,nan
608.823,76,1096,nan,10,40,1.25,3,nan,nan,nan,nan,nan,nan,nan,nan
608.865,76,956,nan,10,40,1.37,3,nan,nan,nan,nan,nan,nan,nan,nan
608.955,77,988,nan,10,40,1.25,3,nan,nan,nan,nan,nan,nan,nan,nan
608.966,78,937,nan,10.29,40,1.33,3,nan,nan,nan,nan,nan,nan,nan,nan
609.019,78,788,nan,10.29,40,1.05,3,nan,nan,nan,nan,nan,nan,nan,nan
609.069,78,755,nan,10.29,40,0.66,3,nan,nan,nan,nan,nan,nan,nan,nan
609.117,78,879,nan,10.29,40,0.78,3,nan,nan,nan,nan,nan,nan,nan,nan
609.169,78,1084,nan,10.29,40,0.78,3,nan,nan,nan,nan,nan,nan,nan,nan
609.219,78,1329,nan,10.29,39.9,1.49,3,nan,nan,nan,nan,nan,nan,nan,nan
609.288,78,1200,nan,10.29,39.8,2.82,3,nan,nan,nan,nan,nan,nan,nan,nan
609.32,78,1084,nan,10.29,39.7,3.68,3,nan,nan,nan,nan,nan,nan,nan,nan
609.372,78,805,nan,10.29,39.6,3.92,3,nan,nan,nan,nan,nan,nan,nan,nan
609.422,78,750,nan,10.29,39.8,2.78,3,nan,nan,nan,nan,nan,nan,nan,nan
609.472,78,813,nan,10.29,39.8,2.78,3,nan,nan,nan,nan,nan,nan,nan,nan
609.524,78,832,nan,10.29,39.9,2.11,3,nan,nan,nan,nan,nan,nan,nan,nan
609.573,78,1228,nan,10.29,39.9,1.96,3,nan,nan,nan,nan,nan,nan,nan,nan
609.621,78,1253,nan,10.29,39.8,2.74,3,nan,nan,nan,nan,nan,nan,nan,nan
609.705,78,1186,nan,10.29,39.7,3.56,3,nan,nan,nan,nan,nan,nan,nan,nan
609.728,78,1013,nan,10.29,39.8,3.17,3,nan,nan,nan,nan,nan,nan,nan,nan
609.777,77,879,nan,10.43,39.8,2.74,3,nan,nan,nan,nan,nan,nan,nan,nan
609.837,75,769,nan,10.43,39.9,2.07,3,nan,nan,nan,nan,nan,nan,nan,nan
609.879,74,750,nan,10.43,39.9,1.56,3,nan,nan,nan,nan,nan,nan,nan,nan
609.938,74,879,nan,10.43,40,1.05,3,nan,nan,nan,nan,nan,nan,nan,nan
609.979,74,1047,nan,10.43,40,1.05,3,nan,nan,nan,nan,nan,nan,nan,nan
610.028,74,1353,nan,10.43,40,1.29,3,nan,nan,nan,nan,nan,nan,nan,nan
610.08,74,1335,nan,10.43,39.8,2.27,3,nan,nan,nan,nan,nan,nan,nan,nan
610.129,74,1145,nan,10.43,39.7,3.21,3,nan,nan,nan,nan,nan,nan,nan,nan
610.188,74,781,nan,10.43,39.7,3.52,3,nan,nan,nan,nan,nan,nan,nan,nan
610.229,74,744,nan,10.43,39.8,3.01,3,nan,nan,nan,nan,nan,nan,nan,nan
610.281,74,744,nan,10.43,39.8,2.43,3,nan,nan,nan,nan,nan,nan,nan,nan
610.329,74,744,nan,10.43,39.9,2.03,3,nan,nan,nan,nan,nan,nan,nan,nan
610.381,74,1111,nan,10.43,39.9,1.45,3,nan,nan,nan,nan,nan,nan,nan,nan
610.438,75,1220,nan,10.43,39.9,2,3,nan,nan,nan,nan,nan,nan,nan,nan
610.481,75,1006,nan,10.43,39.9,1.96,3,nan,nan,nan,nan,nan,nan,nan,nan
610.53,75,980,nan,10.43,39.9,1.76,3,nan,nan,nan,nan,nan,nan,nan,nan
610.581,75,794,nan,10.43,40,1.37,3,nan,nan,nan,nan,nan,nan,nan,nan
610.629,75,744,nan,10.27,40,0.78,3,nan,nan,nan,nan,nan,nan,nan,nan
610.7,75,744,nan,10.27,40,0.66,3,nan,nan,nan,nan,nan,nan,nan,nan
610.731,75,744,nan,10.27,40,0.98,3,nan,nan,nan,nan,nan,nan,nan,nan
610.801,75,956,nan,10.27,40.1,0.54,3,nan,nan,nan,nan,nan,nan,nan,nan
610.831,75,1425,nan,10.27,40,0.78,3,nan,nan,nan,nan,nan,nan,nan,nan
610.903,75,1235,nan,10.27,39.9,1.64,3,nan,nan,nan,nan,nan,nan,nan,nan
610.959,75,944,nan,10.27,39.8,2.82,3,nan,nan,nan,nan,nan,nan,nan,nan
611.003,75,843,nan,10.27,39.8,2.7,3,nan,nan,nan,nan,nan,nan,nan,nan
611.032,75,763,nan,10.27,39.9,2.03,3,nan,nan,nan,nan,nan,nan,nan,nan
611.106,75,744,nan,10.27,40,1.29,3,nan,nan,nan,nan,nan,nan,nan,nan
611.132,75,834,nan,10.27,40,0.86,3,nan,nan,nan,nan,nan,nan,nan,nan
611.219,75,969,nan,10.27,40,0.9,3,nan,nan,nan,nan,nan,nan,nan,nan
611.234,75,1221,nan,10.27,40,0.82,3,nan,nan,nan,nan,nan,nan,nan,nan
611.284,75,1195,nan,10.27,40,1.41,3,nan,nan,nan,nan,nan,nan,nan,nan
611.335,75,937,nan,10.27,39.9,2.11,3,nan,nan,nan,nan,nan,nan,nan,nan
611.384,75,800,nan,10.27,39.9,1.88,3,nan,nan,nan,nan,nan,nan,nan,nan
611.437,75,744,nan,10.18,40,1.05,3,nan,nan,nan,nan,nan,nan,nan,nan
611.484,75,744,nan,10.18,40,1.13,3,nan,nan,nan,nan,nan,nan,nan,nan
611.56,74,769,nan,10.18,40,0.74,3,nan,nan,nan,nan,nan,nan,nan,nan
611.608,74,1133,nan,10.18,40,0.86,3,nan,nan,nan,nan,nan,nan,nan,nan
611.665,73,1449,nan,10.18,40,0.86,3,nan,nan,nan,nan,nan,nan,nan,nan
611.684,73,1342,nan,10.18,39.9,1.64,3,nan,nan,nan,nan,nan,nan,nan,nan
611.767,73,1210,nan,10.18,39.7,3.76,3,nan,nan,nan,nan,nan,nan,nan,nan
611.784,73,939,nan,10.18,39.6,3.96,3,nan,nan,nan,nan,nan,nan,nan,nan
611.871,73,803,nan,10.18,39.7,3.13,3,nan,nan,nan,nan,nan,nan,nan,nan
611.884,73,744,nan,10.18,39.8,2.9,3,nan,nan,nan,nan,nan,nan,nan,nan
611.934,73,744,nan,10.18,39.8,2.39,3,nan,nan,nan,nan,nan,nan,nan,nan
611.986,74,913,nan,10.18,39.9,2.19,3,nan,nan,nan,nan,nan,nan,nan,nan
612.036,75,1126,nan,10.18,39.9,1.6,3,nan,nan,nan,nan,nan,nan,nan,nan
612.109,75,1606,nan,10.18,39.7,3.05,3,nan,nan,nan,nan,nan,nan,nan,nan
612.137,74,1150,nan,10.18,39.7,3.49,3,nan,nan,nan,nan,nan,nan,nan,nan
612.188,72,901,nan,10.18,39.6,3.96,3,nan,nan,nan,nan,nan,nan,nan,nan
612.239,70,744,nan,10.18,39.7,3.52,3,nan,nan,nan,nan,nan,nan,nan,nan
612.288,69,744,nan,10.18,39.7,3.17,3,nan,nan,nan,nan,nan,nan,nan,nan
612.359,69,769,nan,10,39.8,2.5,3,nan,nan,nan,nan,nan,nan,nan,nan
612.388,69,967,nan,10,39.9,2.19,3,nan,nan,nan,nan,nan,nan,nan,nan
612.438,69,1336,nan,10,39.8,2.07,3,nan,nan,nan,nan,nan,nan,nan,nan
612.519,70,1469,nan,10,39.8,2.39,3,nan,nan,nan,nan,nan,nan,nan,nan
612.538,71,1394,nan,10,39.7,3.17,3,nan,nan,nan,nan,nan,nan,nan,nan
612.609,74,1360,nan,10,39.5,5.21,3,nan,nan,nan,nan,nan,nan,nan,nan
612.641,74,1182,nan,10,39.4,5.72,3,nan,nan,nan,nan,nan,nan,nan,nan
612.689,74,744,nan,10,39.5,4.94,3,nan,nan,nan,nan,nan,nan,nan,nan
612.741,73,744,nan,10,39.5,4.62,3,nan,nan,nan,nan,nan,nan,nan,nan
612.791,73,781,nan,10,39.6,3.72,3,nan,nan,nan,nan,nan,nan,nan,nan
612.861,74,962,nan,10,39.7,3.33,3,nan,nan,nan,nan,nan,nan,nan,nan
612.891,75,1368,nan,10,39.7,3.49,3,nan,nan,nan,nan,nan,nan,nan,nan
612.941,75,1539,nan,10,39.6,4.31,3,nan,nan,nan,nan,nan,nan,nan,nan
612.994,75,1175,nan,10,39.6,4.54,3,nan,nan,nan,nan,nan,nan,nan,nan
613.042,74,891,nan,10,39.5,5.45,3,nan,nan,nan,nan,nan,nan,nan,nan
613.124,74,800,nan,10,39.5,4.74,3,nan,nan,nan,nan,nan,nan,nan,nan
613.144,74,846,nan,10,39.6,4.07,3,nan,nan,nan,nan,nan,nan,nan,nan
613.195,74,1029,nan,9.92,39.6,3.8,3,nan,nan,nan,nan,nan,nan,nan,nan
613.279,74,1419,nan,9.92,39.7,3.37,3,nan,nan,nan,nan,nan,nan,nan,nan
613.296,75,1671,nan,9.92,39.6,3.72,3,nan,nan,nan,nan,nan,nan,nan,nan
613.362,75,1649,nan,9.92,39.6,3.92,3,nan,nan,nan,nan,nan,nan,nan,nan
613.397,75,1301,nan,9.92,39.5,4.9,3,nan,nan,nan,nan,nan,nan,nan,nan
613.465,75,1013,nan,9.92,39.4,5.84,3,nan,nan,nan,nan,nan,nan,nan,nan
613.529,75,862,nan,9.92,39.3,6.54,3,nan,nan,nan,nan,nan,nan,nan,nan
613.565,75,805,nan,9.92,39.3,6.54,3,nan,nan,nan,nan,nan,nan,nan,nan
613.599,76,1000,nan,9.92,39.4,5.8,3,nan,nan,nan,nan,nan,nan,nan,nan
613.669,77,1328,nan,9.92,39.4,5.8,3,nan,nan,nan,nan,nan,nan,nan,nan
613.701,77,1456,nan,9.92,39.4,5.84,3,nan,nan,nan,nan,nan,nan,nan,nan
613.782,77,1297,nan,9.92,39.4,5.49,3,nan,nan,nan,nan,nan,nan,nan,nan
613.801,77,1077,nan,9.92,39.5,4.98,3,nan,nan,nan,nan,nan,nan,nan,nan
613.882,77,793,nan,9.92,39.5,4.43,3,nan,nan,nan,nan,nan,nan,nan,nan
613.902,77,784,nan,9.92,39.6,3.96,3,nan,nan,nan,nan,nan,nan,nan,nan
613.986,78,852,nan,10.33,39.7,3.45,3,nan,nan,nan,nan,nan,nan,nan,nan
614.03,79,1104,nan,10.33,39.8,2.66,3,nan,nan,nan,nan,nan,nan,nan,nan
614.053,79,1480,nan,10.33,39.7,2.94,3,nan,nan,nan,nan,nan,nan,nan,nan
614.105,79,2076,nan,10.33,39.7,3.09,3,nan,nan,nan,nan,nan,nan,nan,nan
614.155,79,1738,nan,10.33,39.6,3.92,3,nan,nan,nan,nan,nan,nan,nan,nan
614.204,79,1229,nan,10.33,39.5,4.58,3,nan,nan,nan,nan,nan,nan,nan,nan
614.28,78,1004,nan,10.33,39.3,6.15,3,nan,nan,nan,nan,nan,nan,nan,nan
614.307,78,839,nan,10.33,39.3,6.66,3,nan,nan,nan,nan,nan,nan,nan,nan
614.357,77,961,nan,10.33,39.2,7.6,3,nan,nan,nan,nan,nan,nan,nan,nan
614.406,77,1332,nan,10.33,39.2,7.52,3,nan,nan,nan,nan,nan,nan,nan,nan
614.458,77,1329,nan,10.33,39.3,6.35,3,nan,nan,nan,nan,nan,nan,nan,nan
614.53,77,1229,nan,10.33,39.3,6.19,3,nan,nan,nan,nan,nan,nan,nan,nan
614.568,77,1411,nan,10.33,39.4,5.56,3,nan,nan,nan,nan,nan,nan,nan,nan
614.607,77,1164,nan,10.33,39.4,5.76,3,nan,nan,nan,nan,nan,nan,nan,nan
614.673,77,805,nan,10.33,39.5,5.29,3,nan,nan,nan,nan,nan,nan,nan,nan
614.708,75,744,nan,10.33,39.5,4.74,3,nan,nan,nan,nan,nan,nan,nan,nan
614.757,75,940,nan,10.33,39.6,4.07,3,nan,nan,nan,nan,nan,nan,nan,nan
614.81,76,1247,nan,10.51,39.6,3.72,3,nan,nan,nan,nan,nan,nan,nan,nan
614.859,77,1689,nan,10.51,39.7,3.6,3,nan,nan,nan,nan,nan,nan,nan,nan
614.95,77,1710,nan,10.51,39.7,3.52,3,nan,nan,nan,nan,nan,nan,nan,nan
614.96,78,1323,nan,10.51,39.7,3.52,3,nan,nan,nan,nan,nan,nan,nan,nan
615.042,78,1270,nan,10.51,39.4,5.45,3,nan,nan,nan,nan,nan,nan,nan,nan
615.062,78,905,nan,10.51,39.3,6.15,3,nan,nan,nan,nan,nan,nan,nan,nan
615.148,76,774,nan,10.51,39.5,5.05,3,nan,nan,nan,nan,nan,nan,nan,nan
615.201,76,988,nan,10.51,39.6,4.39,3,nan,nan,nan,nan,nan,nan,nan,nan
615.251,77,1225,nan,10.51,39.6,4.23,3,nan,nan,nan,nan,nan,nan,nan,nan
615.262,78,1439,nan,10.51,39.6,3.92,3,nan,nan,nan,nan,nan,nan,nan,nan
615.311,78,1387,nan,10.51,39.6,4.07,3,nan,nan,nan,nan,nan,nan,nan,nan
615.364,78,1053,nan,10.51,39.5,4.62,3,nan,nan,nan,nan,nan,nan,nan,nan
615.45,78,837,nan,10.51,39.5,4.47,3,nan,nan,nan,nan,nan,nan,nan,nan
615.468,78,817,nan,10.51,39.5,4.39,3,nan,nan,nan,nan,nan,nan,nan,nan
615.514,78,884,nan,10.51,39.6,3.84,3,nan,nan,nan,nan,nan,nan,nan,nan
615.574,78,1195,nan,10.57,39.7,2.94,3,nan,nan,nan,nan,nan,nan,nan,nan
615.614,78,1500,nan,10.57,39.7,2.86,3,nan,nan,nan,nan,nan,nan,nan,nan
615.7,78,1705,nan,10.57,39.5,4.43,3,nan,nan,nan,nan,nan,nan,nan,nan
615.716,78,1367,nan,10.57,39.4,5.09,3,nan,nan,nan,nan,nan,nan,nan,nan
615.765,78,1238,nan,10.57,39.4,5.37,3,nan,nan,nan,nan,nan,nan,nan,nan
615.816,78,760,nan,10.57,39.4,5.45,3,nan,nan,nan,nan,nan,nan,nan,nan
615.864,78,744,nan,10.57,39.5,5.17,3,nan,nan,nan,nan,nan,nan,nan,nan
615.951,78,798,nan,10.57,39.6,4.23,3,nan,nan,nan,nan,nan,nan,nan,nan
615.971,79,1164,nan,10.57,39.6,4.11,3,nan,nan,nan,nan,nan,nan,nan,nan
616.018,79,1423,nan,10.57,39.6,3.84,3,nan,nan,nan,nan,nan,nan,nan,nan
616.066,79,1563,nan,10.57,39.6,3.92,3,nan,nan,nan,nan,nan,nan,nan,nan
616.124,79,1145,nan,10.57,39.5,4.43,3,nan,nan,nan,nan,nan,nan,nan,nan
616.201,79,945,nan,10.57,39.5,4.98,3,nan,nan,nan,nan,nan,nan,nan,nan
616.235,79,886,nan,10.57,39.6,4.54,3,nan,nan,nan,nan,nan,nan,nan,nan
616.267,79,954,nan,10.57,39.6,4.07,3,nan,nan,nan,nan,nan,nan,nan,nan
616.341,79,1195,nan,10.57,39.7,3.37,3,nan,nan,nan,nan,nan,nan,nan,nan
616.367,79,1684,nan,10.69,39.6,3.76,3,nan,nan,nan,nan,nan,nan,nan,nan
616.417,79,1894,nan,10.69,39.5,4.54,3,nan,nan,nan,nan,nan,nan,nan,nan
616.469,79,1681,nan,10.69,39.5,4.74,3,nan,nan,nan,nan,nan,nan,nan,nan
616.519,79,1409,nan,10.69,39.3,6.58,3,nan,nan,nan,nan,nan,nan,nan,nan
616.596,79,979,nan,10.69,39.2,7.56,3,nan,nan,nan,nan,nan,nan,nan,nan
616.621,79,775,nan,10.69,39.2,7.41,3,nan,nan,nan,nan,nan,nan,nan,nan
616.703,79,835,nan,10.69,39.2,7.01,3,nan,nan,nan,nan,nan,nan,nan,nan
616.72,79,1071,nan,10.69,39.3,6.27,3,nan,nan,nan,nan,nan,nan,nan,nan
616.809,79,1368,nan,10.69,39.4,5.96,3,nan,nan,nan,nan,nan,nan,nan,nan
616.822,79,1445,nan,10.69,39.4,5.56,3,nan,nan,nan,nan,nan,nan,nan,nan
616.911,79,1145,nan,10.69,39.4,5.17,3,nan,nan,nan,nan,nan,nan,nan,nan
616.922,78,972,nan,10.69,39.5,4.82,3,nan,nan,nan,nan,nan,nan,nan,nan
616.972,77,744,nan,10.69,39.6,4.27,3,nan,nan,nan,nan,nan,nan,nan,nan
617.024,77,744,nan,10.69,39.6,3.6,3,nan,nan,nan,nan,nan,nan,nan,nan
617.073,77,863,nan,10.69,39.7,2.94,3,nan,nan,nan,nan,nan,nan,nan,nan
617.149,77,1038,nan,10.69,39.8,2.47,3,nan,nan,nan,nan,nan,nan,nan,nan
617.185,78,1493,nan,10.66,39.8,2.43,3,nan,nan,nan,nan,nan,nan,nan,nan
617.252,80,1787,nan,10.66,39.7,2.74,3,nan,nan,nan,nan,nan,nan,nan,nan
617.273,80,1341,nan,10.66,39.7,3.29,3,nan,nan,nan,nan,nan,nan,nan,nan
617.359,80,1098,nan,10.66,39.6,3.84,3,nan,nan,nan,nan,nan,nan,nan,nan
617.374,80,744,nan,10.66,39.6,4.07,3,nan,nan,nan,nan,nan,nan,nan,nan
617.423,80,842,nan,10.66,39.4,5.33,3,nan,nan,nan,nan,nan,nan,nan,nan
617.475,80,942,nan,10.66,39.4,5.21,3,nan,nan,nan,nan,nan,nan,nan,nan
617.524,80,1473,nan,10.66,39.4,5.29,3,nan,nan,nan,nan,nan,nan,nan,nan
617.578,80,1279,nan,10.66,39.5,4.82,3,nan,nan,nan,nan,nan,nan,nan,nan
617.641,79,989,nan,10.66,39.4,5.37,3,nan,nan,nan,nan,nan,nan,nan,nan
617.678,79,857,nan,10.66,39.5,4.66,3,nan,nan,nan,nan,nan,nan,nan,nan
617.727,79,745,nan,10.66,39.6,4.19,3,nan,nan,nan,nan,nan,nan,nan,nan
617.781,79,750,nan,10.66,39.6,3.76,3,nan,nan,nan,nan,nan,nan,nan,nan
617.828,79,829,nan,10.66,39.7,2.98,3,nan,nan,nan,nan,nan,nan,nan,nan
617.892,79,1213,nan,10.66,39.8,2.35,3,nan,nan,nan,nan,nan,nan,nan,nan
617.929,79,1707,nan,10.66,39.7,2.78,3,nan,nan,nan,nan,nan,nan,nan,nan
617.998,79,1655,nan,10.69,39.7,3.33,3,nan,nan,nan,nan,nan,nan,nan,nan
618.03,79,1390,nan,10.69,39.7,3.45,3,nan,nan,nan,nan,nan,nan,nan,nan
618.12,78,1229,nan,10.69,39.4,5.88,3,nan,nan,nan,nan,nan,nan,nan,nan
618.13,76,808,nan,10.69,39.3,6.11,3,nan,nan,nan,nan,nan,nan,nan,nan
618.181,75,745,nan,10.69,39.4,5.68,3,nan,nan,nan,nan,nan,nan,nan,nan
618.252,74,788,nan,10.69,39.4,5.52,3,nan,nan,nan,nan,nan,nan,nan,nan
618.291,74,913,nan,10.69,39.5,4.27,3,nan,nan,nan,nan,nan,nan,nan,nan
618.355,74,1196,nan,10.69,39.6,4,3,nan,nan,nan,nan,nan,nan,nan,nan
618.382,74,1934,nan,10.69,39.5,4.9,3,nan,nan,nan,nan,nan,nan,nan,nan
618.461,73,1583,nan,10.69,39.4,5.13,3,nan,nan,nan,nan,nan,nan,nan,nan
618.482,72,1199,nan,10.69,39.3,5.72,3,nan,nan,nan,nan,nan,nan,nan,nan
618.572,70,1025,nan,10.69,39.3,6.19,3,nan,nan,nan,nan,nan,nan,nan,nan
618.582,70,744,nan,10.69,39.3,6.23,3,nan,nan,nan,nan,nan,nan,nan,nan
618.634,70,744,nan,10.69,39.4,5.52,3,nan,nan,nan,nan,nan,nan,nan,nan
618.685,70,1047,nan,10.69,39.4,5.01,3,nan,nan,nan,nan,nan,nan,nan,nan
618.734,70,2021,nan,10.69,39.4,5.01,3,nan,nan,nan,nan,nan,nan,nan,nan
618.8,71,2698,nan,10.69,39.4,5.01,3,nan,nan,nan,nan,nan,nan,nan,nan
618.835,73,2510,nan,10.25,39.4,5.72,3,nan,nan,nan,nan,nan,nan,nan,nan
618.903,75,1749,nan,10.25,39.3,6.07,3,nan,nan,nan,nan,nan,nan,nan,nan
618.936,77,1206,nan,10.25,39.3,6.62,3,nan,nan,nan,nan,nan,nan,nan,nan
619.009,78,842,nan,10.25,39.1,7.8,3,nan,nan,nan,nan,nan,nan,nan,nan
619.042,78,848,nan,10.25,39,8.27,3,nan,nan,nan,nan,nan,nan,nan,nan
619.116,79,1361,nan,10.25,39,8.5,3,nan,nan,nan,nan,nan,nan,nan,nan
619.137,81,1741,nan,10.25,38.9,9.09,3,nan,nan,nan,nan,nan,nan,nan,nan
619.222,84,1842,nan,10.25,38.8,9.88,3,nan,nan,nan,nan,nan,nan,nan,nan
619.239,86,1761,nan,10.25,38.6,11.6,3,nan,nan,nan,nan,nan,nan,nan,nan
619.312,86,744,nan,10.25,38.5,11.92,3,nan,nan,nan,nan,nan,nan,nan,nan
619.34,86,744,nan,10.25,38.7,10.98,3,nan,nan,nan,nan,nan,nan,nan,nan
619.39,86,946,nan,10.25,38.8,9.96,3,nan,nan,nan,nan,nan,nan,nan,nan
619.442,88,1611,nan,10.25,38.9,9.45,3,nan,nan,nan,nan,nan,nan,nan,nan
619.49,91,2104,nan,10.25,38.9,9.13,3,nan,nan,nan,nan,nan,nan,nan,nan
619.565,93,2245,nan,10.77,38.8,10.19,3,nan,nan,nan,nan,nan,nan,nan,nan
619.59,93,1644,nan,10.77,38.7,10.66,3,nan,nan,nan,nan,nan,nan,nan,nan
619.671,93,789,nan,10.77,38.6,11.52,3,nan,nan,nan,nan,nan,nan,nan,nan
