stage,invocation,load_ctrl,pre_eb74,source_le_960,startup_count,check_count,rider_input_native,torque_sensor_valid,pas_sensor_valid,direction_inhibit,real_stop,safety_cut,scored
PREHISTORY,1,0,750,1,10,0,0,1,1,0,0,0,0
PREHISTORY,2,0,750,1,20,0,0,1,1,0,0,0,0
PREHISTORY,3,0,750,1,30,0,0,1,1,0,0,0,0
PREHISTORY,4,0,750,1,40,0,0,1,1,0,0,0,0
PREHISTORY,5,0,750,1,50,0,0,1,1,0,0,0,0
PREHISTORY,6,0,750,1,60,0,0,1,1,0,0,0,0
PREHISTORY,7,0,750,1,70,0,0,1,1,0,0,0,0
PREHISTORY,8,0,750,1,80,0,0,1,1,0,0,0,0
PREHISTORY,9,0,750,1,90,0,0,1,1,0,0,0,0
PREHISTORY,10,0,750,1,100,0,0,1,1,0,0,0,0
PREHISTORY,11,0,750,1,110,0,0,1,1,0,0,0,0
PREHISTORY,12,0,750,1,120,0,0,1,1,0,0,0,0
PREHISTORY,13,0,750,1,130,0,0,1,1,0,0,0,0
PREHISTORY,14,0,750,1,140,0,0,1,1,0,0,0,0
PREHISTORY,15,0,750,1,150,0,0,1,1,0,0,0,0
PREHISTORY,16,0,750,1,160,0,0,1,1,0,0,0,0
PREHISTORY,17,0,750,1,170,0,0,1,1,0,0,0,0
PREHISTORY,18,0,750,1,180,0,0,1,1,0,0,0,0
PREHISTORY,19,0,750,1,190,0,0,1,1,0,0,0,0
PREHISTORY,20,0,750,1,200,0,0,1,1,0,0,0,0
PREHISTORY,21,0,750,1,210,0,0,1,1,0,0,0,0
PREHISTORY,22,0,750,1,220,0,0,1,1,0,0,0,0
PREHISTORY,23,0,750,1,230,0,0,1,1,0,0,0,0
PREHISTORY,24,0,750,1,240,0,0,1,1,0,0,0,0
PREHISTORY,25,0,750,1,250,0,0,1,1,0,0,0,0
PREHISTORY,26,0,750,1,260,0,0,1,1,0,0,0,0
PREHISTORY,27,0,750,1,270,0,0,1,1,0,0,0,0
PREHISTORY,28,0,750,1,280,0,0,1,1,0,0,0,0
PREHISTORY,29,0,750,1,290,0,0,1,1,0,0,0,0
PREHISTORY,30,0,750,1,300,0,0,1,1,0,0,0,0
PREHISTORY,31,0,750,1,300,1,0,1,1,0,0,0,0
PREHISTORY,32,0,750,1,300,2,0,1,1,0,0,0,0
PREHISTORY,33,0,750,1,300,3,0,1,1,0,0,0,0
PREHISTORY,34,0,750,1,300,4,0,1,1,0,0,0,0
PREHISTORY,35,0,750,1,300,5,0,1,1,0,0,0,0
PREHISTORY,36,0,750,1,300,6,0,1,1,0,0,0,0
PREHISTORY,37,0,750,1,300,7,0,1,1,0,0,0,0
PREHISTORY,38,0,750,1,300,8,0,1,1,0,0,0,0
PREHISTORY,39,0,750,1,300,9,0,1,1,0,0,0,0
PREHISTORY,40,0,750,1,300,10,0,1,1,0,0,0,0
PREHISTORY,41,0,750,1,300,11,0,1,1,0,0,0,0
PREHISTORY,42,0,750,1,300,12,0,1,1,0,0,0,0
PREHISTORY,43,0,750,1,300,13,0,1,1,0,0,0,0
PREHISTORY,44,0,750,1,300,14,0,1,1,0,0,0,0
PREHISTORY,45,0,750,1,300,15,0,1,1,0,0,0,0
PREHISTORY,46,0,750,1,300,16,0,1,1,0,0,0,0
PREHISTORY,47,0,750,1,300,17,0,1,1,0,0,0,0
PREHISTORY,48,0,750,1,300,18,0,1,1,0,0,0,0
PREHISTORY,49,0,750,1,300,19,0,1,1,0,0,0,0
PREHISTORY,50,0,750,1,300,20,0,1,1,0,0,0,0
PREHISTORY,51,0,750,1,300,21,0,1,1,0,0,0,0
PREHISTORY,52,0,750,1,300,22,0,1,1,0,0,0,0
PREHISTORY,53,0,750,1,300,23,0,1,1,0,0,0,0
PREHISTORY,54,0,750,1,300,24,0,1,1,0,0,0,0
PREHISTORY,55,0,750,1,300,25,0,1,1,0,0,0,0
PREHISTORY,56,0,750,1,300,26,0,1,1,0,0,0,0
PREHISTORY,57,0,750,1,300,27,0,1,1,0,0,0,0
PREHISTORY,58,0,750,1,300,28,0,1,1,0,0,0,0
PREHISTORY,59,0,750,1,300,29,0,1,1,0,0,0,0
PREHISTORY,60,0,750,1,300,30,0,1,1,0,0,0,0
PREHISTORY,61,0,750,1,300,31,0,1,1,0,0,0,0
PREHISTORY,62,0,750,1,300,32,0,1,1,0,0,0,0
PREHISTORY,63,0,750,1,300,33,0,1,1,0,0,0,0
PREHISTORY,64,0,750,1,300,34,0,1,1,0,0,0,0
PREHISTORY,65,0,750,1,300,35,0,1,1,0,0,0,0
PREHISTORY,66,0,750,1,300,36,0,1,1,0,0,0,0
PREHISTORY,67,0,750,1,300,37,0,1,1,0,0,0,0
PREHISTORY,68,0,750,1,300,38,0,1,1,0,0,0,0
PREHISTORY,69,0,750,1,300,39,0,1,1,0,0,0,0
PREHISTORY,70,0,750,1,300,40,0,1,1,0,0,0,0
PREHISTORY,71,0,750,1,300,41,0,1,1,0,0,0,0
PREHISTORY,72,0,750,1,300,42,0,1,1,0,0,0,0
PREHISTORY,73,0,750,1,300,43,0,1,1,0,0,0,0
PREHISTORY,74,0,750,1,300,44,0,1,1,0,0,0,0
PREHISTORY,75,0,750,1,300,45,0,1,1,0,0,0,0
PREHISTORY,76,0,750,1,300,46,0,1,1,0,0,0,0
PREHISTORY,77,0,750,1,300,47,0,1,1,0,0,0,0
PREHISTORY,78,0,750,1,300,48,0,1,1,0,0,0,0
PREHISTORY,79,0,750,1,300,49,0,1,1,0,0,0,0
PREHISTORY,80,0,750,1,300,50,0,1,1,0,0,0,0
PREHISTORY,81,0,750,1,300,51,0,1,1,0,0,0,0
PREHISTORY,82,0,750,1,300,52,0,1,1,0,0,0,0
PREHISTORY,83,0,750,1,300,53,0,1,1,0,0,0,0
PREHISTORY,84,0,750,1,300,54,0,1,1,0,0,0,0
PREHISTORY,85,0,750,1,300,55,0,1,1,0,0,0,0
PREHISTORY,86,0,750,1,300,56,0,1,1,0,0,0,0
PREHISTORY,87,0,750,1,300,57,0,1,1,0,0,0,0
PREHISTORY,88,0,750,1,300,58,0,1,1,0,0,0,0
PREHISTORY,89,0,750,1,300,59,0,1,1,0,0,0,0
PREHISTORY,90,0,750,1,300,60,0,1,1,0,0,0,0
PREHISTORY,91,0,750,1,300,61,0,1,1,0,0,0,0
PREHISTORY,92,0,750,1,300,62,0,1,1,0,0,0,0
PREHISTORY,93,0,750,1,300,63,0,1,1,0,0,0,0
PREHISTORY,94,0,750,1,300,64,0,1,1,0,0,0,0
PREHISTORY,95,0,750,1,300,65,0,1,1,0,0,0,0
PREHISTORY,96,0,750,1,300,66,0,1,1,0,0,0,0
PREHISTORY,97,0,750,1,300,67,0,1,1,0,0,0,0
PREHISTORY,98,0,750,1,300,68,0,1,1,0,0,0,0
PREHISTORY,99,0,750,1,300,69,0,1,1,0,0,0,0
PREHISTORY,100,0,750,1,300,70,0,1,1,0,0,0,0
PREHISTORY,101,0,750,1,300,71,0,1,1,0,0,0,0
PREHISTORY,102,0,750,1,300,72,0,1,1,0,0,0,0
PREHISTORY,103,0,750,1,300,73,0,1,1,0,0,0,0
PREHISTORY,104,0,750,1,300,74,0,1,1,0,0,0,0
PREHISTORY,105,0,750,1,300,75,0,1,1,0,0,0,0
PREHISTORY,106,0,750,1,300,76,0,1,1,0,0,0,0
PREHISTORY,107,0,750,1,300,77,0,1,1,0,0,0,0
PREHISTORY,108,0,750,1,300,78,0,1,1,0,0,0,0
PREHISTORY,109,0,750,1,300,79,0,1,1,0,0,0,0
PREHISTORY,110,0,750,1,300,80,0,1,1,0,0,0,0
PREHISTORY,111,0,750,1,300,81,0,1,1,0,0,0,0
PREHISTORY,112,0,750,1,300,82,0,1,1,0,0,0,0
PREHISTORY,113,0,750,1,300,83,0,1,1,0,0,0,0
PREHISTORY,114,0,750,1,300,84,0,1,1,0,0,0,0
PREHISTORY,115,0,750,1,300,85,0,1,1,0,0,0,0
PREHISTORY,116,0,750,1,300,86,0,1,1,0,0,0,0
PREHISTORY,117,0,750,1,300,87,0,1,1,0,0,0,0
PREHISTORY,118,0,750,1,300,88,0,1,1,0,0,0,0
PREHISTORY,119,0,750,1,300,89,0,1,1,0,0,0,0
PREHISTORY,120,0,750,1,300,90,0,1,1,0,0,0,0
PREHISTORY,121,0,750,1,300,91,0,1,1,0,0,0,0
PREHISTORY,122,0,750,1,300,92,0,1,1,0,0,0,0
PREHISTORY,123,0,750,1,300,93,0,1,1,0,0,0,0
PREHISTORY,124,0,750,1,300,94,0,1,1,0,0,0,0
PREHISTORY,125,0,750,1,300,95,0,1,1,0,0,0,0
PREHISTORY,126,0,750,1,300,96,0,1,1,0,0,0,0
PREHISTORY,127,0,750,1,300,97,0,1,1,0,0,0,0
PREHISTORY,128,0,750,1,300,98,0,1,1,0,0,0,0
PREHISTORY,129,0,750,1,300,99,0,1,1,0,0,0,0
PREHISTORY,130,0,750,1,300,100,0,1,1,0,0,0,0
PREHISTORY,131,0,750,1,300,100,0,1,1,0,0,0,0
