schedule,invocation,clu,model_pre_eb74,port_pre_eb74,model_startup_count,port_startup_count,model_check_count,port_check_count,model_zero,port_zero,model_threshold,port_threshold,model_filtered,port_filtered,model_filter_accumulator,port_filter_accumulator,model_auto_zero_count,port_auto_zero_count,model_auto_zero_samples,port_auto_zero_samples,model_auto_zero_armed,port_auto_zero_armed,model_d_plus_0xee,port_d_plus_0xee,model_m_plus_0x298,port_m_plus_0x298,model_rider_input_native,port_rider_input_native,model_m_plus_0x29e,port_m_plus_0x29e,matches
A,1,0,750,750,10,10,0,0,750,750,960,960,0,0,0,0,0,0,0,0,0,0,0,0,0,0,0,0,0,0,1
A,2,0,750,750,20,20,0,0,750,750,960,960,0,0,0,0,0,0,0,0,0,0,0,0,0,0,0,0,0,0,1
A,3,0,750,750,30,30,0,0,750,750,960,960,0,0,0,0,0,0,0,0,0,0,0,0,0,0,0,0,0,0,1
A,4,0,750,750,40,40,0,0,750,750,960,960,0,0,0,0,0,0,0,0,0,0,0,0,0,0,0,0,0,0,1
A,5,0,750,750,50,50,0,0,750,750,960,960,0,0,0,0,0,0,0,0,0,0,0,0,0,0,0,0,0,0,1
A,6,0,750,750,60,60,0,0,750,750,960,960,0,0,0,0,0,0,0,0,0,0,0,0,0,0,0,0,0,0,1
A,7,0,750,750,70,70,0,0,750,750,960,960,0,0,0,0,0,0,0,0,0,0,0,0,0,0,0,0,0,0,1
A,8,0,750,750,80,80,0,0,750,750,960,960,0,0,0,0,0,0,0,0,0,0,0,0,0,0,0,0,0,0,1
A,9,0,750,750,90,90,0,0,750,750,960,960,0,0,0,0,0,0,0,0,0,0,0,0,0,0,0,0,0,0,1
A,10,0,750,750,100,100,0,0,750,750,960,960,0,0,0,0,0,0,0,0,0,0,0,0,0,0,0,0,0,0,1
A,11,0,750,750,110,110,0,0,750,750,960,960,0,0,0,0,0,0,0,0,0,0,0,0,0,0,0,0,0,0,1
A,12,0,750,750,120,120,0,0,750,750,960,960,0,0,0,0,0,0,0,0,0,0,0,0,0,0,0,0,0,0,1
A,13,0,750,750,130,130,0,0,750,750,960,960,0,0,0,0,0,0,0,0,0,0,0,0,0,0,0,0,0,0,1
A,14,0,750,750,140,140,0,0,750,750,960,960,0,0,0,0,0,0,0,0,0,0,0,0,0,0,0,0,0,0,1
A,15,0,750,750,150,150,0,0,750,750,960,960,0,0,0,0,0,0,0,0,0,0,0,0,0,0,0,0,0,0,1
A,16,0,750,750,160,160,0,0,750,750,960,960,0,0,0,0,0,0,0,0,0,0,0,0,0,0,0,0,0,0,1
A,17,0,750,750,170,170,0,0,750,750,960,960,0,0,0,0,0,0,0,0,0,0,0,0,0,0,0,0,0,0,1
A,18,0,750,750,180,180,0,0,750,750,960,960,0,0,0,0,0,0,0,0,0,0,0,0,0,0,0,0,0,0,1
A,19,0,750,750,190,190,0,0,750,750,960,960,0,0,0,0,0,0,0,0,0,0,0,0,0,0,0,0,0,0,1
A,20,0,750,750,200,200,0,0,750,750,960,960,0,0,0,0,0,0,0,0,0,0,0,0,0,0,0,0,0,0,1
A,21,0,750,750,210,210,0,0,750,750,960,960,0,0,0,0,0,0,0,0,0,0,0,0,0,0,0,0,0,0,1
A,22,0,750,750,220,220,0,0,750,750,960,960,0,0,0,0,0,0,0,0,0,0,0,0,0,0,0,0,0,0,1
A,23,0,750,750,230,230,0,0,750,750,960,960,0,0,0,0,0,0,0,0,0,0,0,0,0,0,0,0,0,0,1
A,24,0,750,750,240,240,0,0,750,750,960,960,0,0,0,0,0,0,0,0,0,0,0,0,0,0,0,0,0,0,1
A,25,0,750,750,250,250,0,0,750,750,960,960,0,0,0,0,0,0,0,0,0,0,0,0,0,0,0,0,0,0,1
A,26,0,750,750,260,260,0,0,750,750,960,960,0,0,0,0,0,0,0,0,0,0,0,0,0,0,0,0,0,0,1
A,27,0,750,750,270,270,0,0,750,750,960,960,0,0,0,0,0,0,0,0,0,0,0,0,0,0,0,0,0,0,1
A,28,0,750,750,280,280,0,0,750,750,960,960,0,0,0,0,0,0,0,0,0,0,0,0,0,0,0,0,0,0,1
A,29,0,750,750,290,290,0,0,750,750,960,960,0,0,0,0,0,0,0,0,0,0,0,0,0,0,0,0,0,0,1
A,30,0,750,750,300,300,0,0,750,750,960,960,0,0,0,0,0,0,0,0,0,0,0,0,0,0,0,0,0,0,1
A,31,0,750,750,300,300,1,1,750,750,960,960,0,0,0,0,0,0,0,0,0,0,0,0,0,0,0,0,0,0,1
A,32,0,750,750,300,300,2,2,750,750,960,960,0,0,0,0,0,0,0,0,0,0,0,0,0,0,0,0,0,0,1
A,33,0,750,750,300,300,3,3,750,750,960,960,0,0,0,0,0,0,0,0,0,0,0,0,0,0,0,0,0,0,1
A,34,0,750,750,300,300,4,4,750,750,960,960,0,0,0,0,0,0,0,0,0,0,0,0,0,0,0,0,0,0,1
A,35,0,750,750,300,300,5,5,750,750,960,960,0,0,0,0,0,0,0,0,0,0,0,0,0,0,0,0,0,0,1
A,36,0,750,750,300,300,6,6,750,750,960,960,0,0,0,0,0,0,0,0,0,0,0,0,0,0,0,0,0,0,1
A,37,0,750,750,300,300,7,7,750,750,960,960,0,0,0,0,0,0,0,0,0,0,0,0,0,0,0,0,0,0,1
A,38,0,750,750,300,300,8,8,750,750,960,960,0,0,0,0,0,0,0,0,0,0,0,0,0,0,0,0,0,0,1
A,39,0,750,750,300,300,9,9,750,750,960,960,0,0,0,0,0,0,0,0,0,0,0,0,0,0,0,0,0,0,1
A,40,0,750,750,300,300,10,10,750,750,960,960,0,0,0,0,0,0,0,0,0,0,0,0,0,0,0,0,0,0,1
A,41,0,750,750,300,300,11,11,750,750,960,960,0,0,0,0,0,0,0,0,0,0,0,0,0,0,0,0,0,0,1
A,42,0,750,750,300,300,12,12,750,750,960,960,0,0,0,0,0,0,0,0,0,0,0,0,0,0,0,0,0,0,1
A,43,0,750,750,300,300,13,13,750,750,960,960,0,0,0,0,0,0,0,0,0,0,0,0,0,0,0,0,0,0,1
A,44,0,750,750,300,300,14,14,750,750,960,960,0,0,0,0,0,0,0,0,0,0,0,0,0,0,0,0,0,0,1
A,45,0,750,750,300,300,15,15,750,750,960,960,0,0,0,0,0,0,0,0,0,0,0,0,0,0,0,0,0,0,1
A,46,0,750,750,300,300,16,16,750,750,960,960,0,0,0,0,0,0,0,0,0,0,0,0,0,0,0,0,0,0,1
A,47,0,750,750,300,300,17,17,750,750,960,960,0,0,0,0,0,0,0,0,0,0,0,0,0,0,0,0,0,0,1
A,48,0,750,750,300,300,18,18,750,750,960,960,0,0,0,0,0,0,0,0,0,0,0,0,0,0,0,0,0,0,1
A,49,0,750,750,300,300,19,19,750,750,960,960,0,0,0,0,0,0,0,0,0,0,0,0,0,0,0,0,0,0,1
A,50,0,750,750,300,300,20,20,750,750,960,960,0,0,0,0,0,0,0,0,0,0,0,0,0,0,0,0,0,0,1
A,51,0,750,750,300,300,21,21,750,750,960,960,0,0,0,0,0,0,0,0,0,0,0,0,0,0,0,0,0,0,1
A,52,0,750,750,300,300,22,22,750,750,960,960,0,0,0,0,0,0,0,0,0,0,0,0,0,0,0,0,0,0,1
A,53,0,750,750,300,300,23,23,750,750,960,960,0,0,0,0,0,0,0,0,0,0,0,0,0,0,0,0,0,0,1
A,54,0,750,750,300,300,24,24,750,750,960,960,0,0,0,0,0,0,0,0,0,0,0,0,0,0,0,0,0,0,1
A,55,0,750,750,300,300,25,25,750,750,960,960,0,0,0,0,0,0,0,0,0,0,0,0,0,0,0,0,0,0,1
A,56,0,750,750,300,300,26,26,750,750,960,960,0,0,0,0,0,0,0,0,0,0,0,0,0,0,0,0,0,0,1
A,57,0,750,750,300,300,27,27,750,750,960,960,0,0,0,0,0,0,0,0,0,0,0,0,0,0,0,0,0,0,1
A,58,0,750,750,300,300,28,28,750,750,960,960,0,0,0,0,0,0,0,0,0,0,0,0,0,0,0,0,0,0,1
A,59,0,750,750,300,300,29,29,750,750,960,960,0,0,0,0,0,0,0,0,0,0,0,0,0,0,0,0,0,0,1
A,60,0,750,750,300,300,30,30,750,750,960,960,0,0,0,0,0,0,0,0,0,0,0,0,0,0,0,0,0,0,1
A,61,0,750,750,300,300,31,31,750,750,960,960,0,0,0,0,0,0,0,0,0,0,0,0,0,0,0,0,0,0,1
A,62,0,750,750,300,300,32,32,750,750,960,960,0,0,0,0,0,0,0,0,0,0,0,0,0,0,0,0,0,0,1
A,63,0,750,750,300,300,33,33,750,750,960,960,0,0,0,0,0,0,0,0,0,0,0,0,0,0,0,0,0,0,1
A,64,0,750,750,300,300,34,34,750,750,960,960,0,0,0,0,0,0,0,0,0,0,0,0,0,0,0,0,0,0,1
A,65,0,750,750,300,300,35,35,750,750,960,960,0,0,0,0,0,0,0,0,0,0,0,0,0,0,0,0,0,0,1
A,66,0,750,750,300,300,36,36,750,750,960,960,0,0,0,0,0,0,0,0,0,0,0,0,0,0,0,0,0,0,1
A,67,0,750,750,300,300,37,37,750,750,960,960,0,0,0,0,0,0,0,0,0,0,0,0,0,0,0,0,0,0,1
A,68,0,750,750,300,300,38,38,750,750,960,960,0,0,0,0,0,0,0,0,0,0,0,0,0,0,0,0,0,0,1
A,69,0,750,750,300,300,39,39,750,750,960,960,0,0,0,0,0,0,0,0,0,0,0,0,0,0,0,0,0,0,1
A,70,0,750,750,300,300,40,40,750,750,960,960,0,0,0,0,0,0,0,0,0,0,0,0,0,0,0,0,0,0,1
A,71,0,750,750,300,300,41,41,750,750,960,960,0,0,0,0,0,0,0,0,0,0,0,0,0,0,0,0,0,0,1
A,72,0,750,750,300,300,42,42,750,750,960,960,0,0,0,0,0,0,0,0,0,0,0,0,0,0,0,0,0,0,1
A,73,0,750,750,300,300,43,43,750,750,960,960,0,0,0,0,0,0,0,0,0,0,0,0,0,0,0,0,0,0,1
A,74,0,750,750,300,300,44,44,750,750,960,960,0,0,0,0,0,0,0,0,0,0,0,0,0,0,0,0,0,0,1
A,75,0,750,750,300,300,45,45,750,750,960,960,0,0,0,0,0,0,0,0,0,0,0,0,0,0,0,0,0,0,1
A,76,0,750,750,300,300,46,46,750,750,960,960,0,0,0,0,0,0,0,0,0,0,0,0,0,0,0,0,0,0,1
A,77,0,750,750,300,300,47,47,750,750,960,960,0,0,0,0,0,0,0,0,0,0,0,0,0,0,0,0,0,0,1
A,78,0,750,750,300,300,48,48,750,750,960,960,0,0,0,0,0,0,0,0,0,0,0,0,0,0,0,0,0,0,1
A,79,0,750,750,300,300,49,49,750,750,960,960,0,0,0,0,0,0,0,0,0,0,0,0,0,0,0,0,0,0,1
A,80,0,750,750,300,300,50,50,750,750,960,960,0,0,0,0,0,0,0,0,0,0,0,0,0,0,0,0,0,0,1
A,81,0,750,750,300,300,51,51,750,750,960,960,0,0,0,0,0,0,0,0,0,0,0,0,0,0,0,0,0,0,1
A,82,0,750,750,300,300,52,52,750,750,960,960,0,0,0,0,0,0,0,0,0,0,0,0,0,0,0,0,0,0,1
A,83,0,750,750,300,300,53,53,750,750,960,960,0,0,0,0,0,0,0,0,0,0,0,0,0,0,0,0,0,0,1
A,84,0,750,750,300,300,54,54,750,750,960,960,0,0,0,0,0,0,0,0,0,0,0,0,0,0,0,0,0,0,1
A,85,0,750,750,300,300,55,55,750,750,960,960,0,0,0,0,0,0,0,0,0,0,0,0,0,0,0,0,0,0,1
A,86,0,750,750,300,300,56,56,750,750,960,960,0,0,0,0,0,0,0,0,0,0,0,0,0,0,0,0,0,0,1
A,87,0,750,750,300,300,57,57,750,750,960,960,0,0,0,0,0,0,0,0,0,0,0,0,0,0,0,0,0,0,1
A,88,0,750,750,300,300,58,58,750,750,960,960,0,0,0,0,0,0,0,0,0,0,0,0,0,0,0,0,0,0,1
A,89,0,750,750,300,300,59,59,750,750,960,960,0,0,0,0,0,0,0,0,0,0,0,0,0,0,0,0,0,0,1
A,90,0,750,750,300,300,60,60,750,750,960,960,0,0,0,0,0,0,0,0,0,0,0,0,0,0,0,0,0,0,1
A,91,0,750,750,300,300,61,61,750,750,960,960,0,0,0,0,0,0,0,0,0,0,0,0,0,0,0,0,0,0,1
A,92,0,750,750,300,300,62,62,750,750,960,960,0,0,0,0,0,0,0,0,0,0,0,0,0,0,0,0,0,0,1
A,93,0,750,750,300,300,63,63,750,750,960,960,0,0,0,0,0,0,0,0,0,0,0,0,0,0,0,0,0,0,1
A,94,0,750,750,300,300,64,64,750,750,960,960,0,0,0,0,0,0,0,0,0,0,0,0,0,0,0,0,0,0,1
A,95,0,750,750,300,300,65,65,750,750,960,960,0,0,0,0,0,0,0,0,0,0,0,0,0,0,0,0,0,0,1
A,96,0,750,750,300,300,66,66,750,750,960,960,0,0,0,0,0,0,0,0,0,0,0,0,0,0,0,0,0,0,1
A,97,0,750,750,300,300,67,67,750,750,960,960,0,0,0,0,0,0,0,0,0,0,0,0,0,0,0,0,0,0,1
A,98,0,750,750,300,300,68,68,750,750,960,960,0,0,0,0,0,0,0,0,0,0,0,0,0,0,0,0,0,0,1
A,99,0,750,750,300,300,69,69,750,750,960,960,0,0,0,0,0,0,0,0,0,0,0,0,0,0,0,0,0,0,1
A,100,0,750,750,300,300,70,70,750,750,960,960,0,0,0,0,0,0,0,0,0,0,0,0,0,0,0,0,0,0,1
A,101,0,750,750,300,300,71,71,750,750,960,960,0,0,0,0,0,0,0,0,0,0,0,0,0,0,0,0,0,0,1
A,102,0,750,750,300,300,72,72,750,750,960,960,0,0,0,0,0,0,0,0,0,0,0,0,0,0,0,0,0,0,1
A,103,0,750,750,300,300,73,73,750,750,960,960,0,0,0,0,0,0,0,0,0,0,0,0,0,0,0,0,0,0,1
A,104,0,750,750,300,300,74,74,750,750,960,960,0,0,0,0,0,0,0,0,0,0,0,0,0,0,0,0,0,0,1
A,105,0,750,750,300,300,75,75,750,750,960,960,0,0,0,0,0,0,0,0,0,0,0,0,0,0,0,0,0,0,1
A,106,0,750,750,300,300,76,76,750,750,960,960,0,0,0,0,0,0,0,0,0,0,0,0,0,0,0,0,0,0,1
A,107,0,750,750,300,300,77,77,750,750,960,960,0,0,0,0,0,0,0,0,0,0,0,0,0,0,0,0,0,0,1
A,108,0,750,750,300,300,78,78,750,750,960,960,0,0,0,0,0,0,0,0,0,0,0,0,0,0,0,0,0,0,1
A,109,0,750,750,300,300,79,79,750,750,960,960,0,0,0,0,0,0,0,0,0,0,0,0,0,0,0,0,0,0,1
A,110,0,750,750,300,300,80,80,750,750,960,960,0,0,0,0,0,0,0,0,0,0,0,0,0,0,0,0,0,0,1
A,111,0,750,750,300,300,81,81,750,750,960,960,0,0,0,0,0,0,0,0,0,0,0,0,0,0,0,0,0,0,1
A,112,0,750,750,300,300,82,82,750,750,960,960,0,0,0,0,0,0,0,0,0,0,0,0,0,0,0,0,0,0,1
A,113,0,750,750,300,300,83,83,750,750,960,960,0,0,0,0,0,0,0,0,0,0,0,0,0,0,0,0,0,0,1
A,114,0,750,750,300,300,84,84,750,750,960,960,0,0,0,0,0,0,0,0,0,0,0,0,0,0,0,0,0,0,1
A,115,0,750,750,300,300,85,85,750,750,960,960,0,0,0,0,0,0,0,0,0,0,0,0,0,0,0,0,0,0,1
A,116,0,750,750,300,300,86,86,750,750,960,960,0,0,0,0,0,0,0,0,0,0,0,0,0,0,0,0,0,0,1
A,117,0,750,750,300,300,87,87,750,750,960,960,0,0,0,0,0,0,0,0,0,0,0,0,0,0,0,0,0,0,1
A,118,0,750,750,300,300,88,88,750,750,960,960,0,0,0,0,0,0,0,0,0,0,0,0,0,0,0,0,0,0,1
A,119,0,750,750,300,300,89,89,750,750,960,960,0,0,0,0,0,0,0,0,0,0,0,0,0,0,0,0,0,0,1
A,120,0,750,750,300,300,90,90,750,750,960,960,0,0,0,0,0,0,0,0,0,0,0,0,0,0,0,0,0,0,1
A,121,0,750,750,300,300,91,91,750,750,960,960,0,0,0,0,0,0,0,0,0,0,0,0,0,0,0,0,0,0,1
A,122,0,750,750,300,300,92,92,750,750,960,960,0,0,0,0,0,0,0,0,0,0,0,0,0,0,0,0,0,0,1
A,123,0,750,750,300,300,93,93,750,750,960,960,0,0,0,0,0,0,0,0,0,0,0,0,0,0,0,0,0,0,1
A,124,0,750,750,300,300,94,94,750,750,960,960,0,0,0,0,0,0,0,0,0,0,0,0,0,0,0,0,0,0,1
A,125,0,750,750,300,300,95,95,750,750,960,960,0,0,0,0,0,0,0,0,0,0,0,0,0,0,0,0,0,0,1
A,126,0,750,750,300,300,96,96,750,750,960,960,0,0,0,0,0,0,0,0,0,0,0,0,0,0,0,0,0,0,1
A,127,0,750,750,300,300,97,97,750,750,960,960,0,0,0,0,0,0,0,0,0,0,0,0,0,0,0,0,0,0,1
A,128,0,750,750,300,300,98,98,750,750,960,960,0,0,0,0,0,0,0,0,0,0,0,0,0,0,0,0,0,0,1
A,129,0,750,750,300,300,99,99,750,750,960,960,0,0,0,0,0,0,0,0,0,0,0,0,0,0,0,0,0,0,1
A,130,0,750,750,300,300,100,100,750,750,960,960,0,0,0,0,0,0,0,0,0,0,0,0,0,0,0,0,0,0,1
A,131,12000,3200,3200,300,300,100,100,750,750,995,995,831,831,3324,3324,0,0,0,0,0,0,0,0,0,0,831,831,0,0,1
A,132,12000,3200,3200,300,300,100,100,750,750,995,995,1348,1348,5395,5395,0,0,0,0,0,0,0,0,0,0,1348,1348,0,0,1
A,133,12000,3200,3200,300,300,100,100,750,750,995,995,1671,1671,6687,6687,0,0,0,0,0,0,0,0,0,0,1671,1671,0,0,1
A,134,12000,3200,3200,300,300,100,100,750,750,995,995,1873,1873,7492,7492,0,0,0,0,0,0,0,0,0,0,1873,1873,0,0,1
A,135,12000,3200,3200,300,300,100,100,750,750,995,995,1998,1998,7992,7992,0,0,0,0,0,0,0,0,0,0,1998,1998,0,0,1
A,136,12000,3200,3200,300,300,100,100,750,750,995,995,2076,2076,8304,8304,0,0,0,0,0,0,0,0,0,0,2076,2076,0,0,1
A,137,12000,3200,3200,300,300,100,100,750,750,995,995,2124,2124,8498,8498,0,0,0,0,0,0,0,0,0,0,2124,2124,0,0,1
A,138,12000,3200,3200,300,300,100,100,750,750,995,995,2155,2155,8620,8620,0,0,0,0,0,0,0,0,0,0,2155,2155,0,0,1
A,139,12000,3200,3200,300,300,100,100,750,750,995,995,2173,2173,8695,8695,0,0,0,0,0,0,0,0,0,0,2173,2173,0,0,1
A,140,12000,3200,3200,300,300,100,100,750,750,995,995,2185,2185,8743,8743,0,0,0,0,0,0,0,0,0,0,2185,2185,0,0,1
A,141,12000,3200,3200,300,300,100,100,750,750,995,995,2193,2193,8773,8773,0,0,0,0,0,0,0,0,0,0,2193,2193,0,0,1
A,142,12000,3200,3200,300,300,100,100,750,750,995,995,2197,2197,8791,8791,0,0,0,0,0,0,0,0,0,0,2197,2197,0,0,1
A,143,12000,3200,3200,300,300,100,100,750,750,995,995,2200,2200,8803,8803,0,0,0,0,0,0,0,0,0,0,2200,2200,0,0,1
A,144,12000,3200,3200,300,300,100,100,750,750,995,995,2202,2202,8810,8810,0,0,0,0,0,0,0,0,0,0,2202,2202,0,0,1
A,145,12000,3200,3200,300,300,100,100,750,750,995,995,2203,2203,8814,8814,0,0,0,0,0,0,0,0,0,0,2203,2203,0,0,1
A,146,12000,3200,3200,300,300,100,100,750,750,995,995,2204,2204,8817,8817,0,0,0,0,0,0,0,0,0,0,2204,2204,0,0,1
A,147,12000,3200,3200,300,300,100,100,750,750,995,995,2204,2204,8818,8818,0,0,0,0,0,0,0,0,0,0,2204,2204,0,0,1
A,148,12000,3200,3200,300,300,100,100,750,750,995,995,2204,2204,8819,8819,0,0,0,0,0,0,0,0,0,0,2204,2204,0,0,1
A,149,12000,3200,3200,300,300,100,100,750,750,995,995,2205,2205,8820,8820,0,0,0,0,0,0,0,0,0,0,2205,2205,0,0,1
A,150,12000,3200,3200,300,300,100,100,750,750,995,995,2205,2205,8820,8820,0,0,0,0,0,0,0,0,0,0,2205,2205,0,0,1
