case_id,seed,class,physical_start_possible,robust_expected_start,gate_pass,soc_pct,grade,target_rpm,base_torque_nm,gear_ratio,r0_mohm,battery_profile_id,pas_bounce,static_required_nm,rider_launch_nm,tick1_load_ctrl,first_eb74_invocation_tick,first_eb74_load_ctrl,first_eb74_source,min_load_ctrl_before_first_rider_demand,min_source_before_first_rider_demand,first_source_le_960_invocation,longest_uninterrupted_source_le_960_invocations,eb74_invocations_before_first_positive_rider_input,eb74_invocations_total,eb74_startup_count_end,eb74_check_count_end,eb74_qualification_complete,native_pas_forward_seen,first_native_forward_tick,g53_forward_seen,first_g53_forward_tick,native_cadence_max,g53_cadence_max,rider_input_native_max,d7ec_rider_max,e1e8_output_max,m2aa_max,boundary_b_iq_max,final_iq_max,first_iq_tick,first_hall_tick,torque_reset_value,first_scored_tick_torque_nm
0,0x144B1CE5,EXPECTED_START,1,1,0,19.6,0.031,112.7,9.2,2.29,73.6,1,1,36.633,121.922,12000,4,12000,3200,10070,3200,NEVER,0,ALL 2000,2000,300,90,NO,YES,2709,YES,1932,14,16,0,0,0,0,0,0,0,531,0,121.922
1,0x144B1CE5,EXPECTED_START,1,1,0,32.2,0.026,72.7,10.8,1.93,145.2,1,0,26.713,83.455,12000,4,12000,3200,5664,3062,NEVER,0,ALL 2000,2000,300,90,NO,YES,2819,YES,2008,12,15,0,0,0,0,0,0,0,485,0,83.455
2,0x144B1CE5,PHYSICAL_STALL,0,0,1,86.1,0.109,51.7,9.7,1.40,132.6,1,1,66.624,61.358,9227,4,9227,3200,9227,3200,NEVER,0,ALL 2000,2000,300,90,NO,NO,NEVER,NO,NEVER,0,0,0,0,0,0,0,0,0,0,0,61.358
3,0x144B1CE5,PHYSICAL_STALL,0,0,1,89.0,0.179,58.6,17.7,2.34,74.7,1,1,178.939,76.304,11990,4,11990,3200,11990,3200,NEVER,0,ALL 2000,2000,300,90,NO,NO,NEVER,NO,NEVER,0,0,0,0,0,0,0,0,0,0,0,76.304
4,0x144B1CE5,PHYSICAL_STALL,0,0,1,16.2,0.132,47.7,16.5,1.79,186.4,0,1,102.931,64.204,9754,4,9754,3200,9754,3200,NEVER,0,ALL 2000,2000,300,90,NO,NO,NEVER,NO,NEVER,0,0,0,0,0,0,0,0,0,0,0,64.204
5,0x144B1CE5,EXPECTED_START,1,1,0,43.5,0.064,95.1,28.6,2.03,130.5,1,0,59.632,123.765,12000,4,12000,3200,10418,3200,NEVER,0,ALL 2000,2000,300,90,NO,YES,2767,YES,1980,12,16,0,0,0,0,0,0,0,399,0,123.765
6,0x144B1CE5,PHYSICAL_STALL,0,0,1,93.2,0.127,59.1,10.6,1.99,167.0,1,1,110.003,69.618,10755,4,10755,3200,10755,3200,NEVER,0,ALL 2000,2000,300,90,NO,NO,NEVER,NO,NEVER,0,0,0,0,0,0,0,0,0,0,0,69.618
7,0x144B1CE5,MARGINAL_START,1,0,1,67.9,0.152,94.3,25.0,1.73,58.7,0,0,113.185,119.281,12000,4,12000,3200,12000,3200,NEVER,0,ALL 2000,2000,300,90,NO,YES,6477,YES,4968,3,0,0,0,0,0,0,0,0,961,0,119.281
8,0x144B1CE5,PHYSICAL_STALL,0,0,1,82.4,0.155,64.6,17.2,1.62,98.6,0,0,107.938,81.844,12000,4,12000,3200,12000,3200,NEVER,0,ALL 2000,2000,300,90,NO,NO,NEVER,NO,NEVER,0,0,0,0,0,0,0,0,0,0,0,81.844
9,0x144B1CE5,MARGINAL_START,1,0,1,62.9,0.112,93.8,23.8,2.12,83.0,1,0,104.243,117.571,12000,4,12000,3200,12000,3200,NEVER,0,ALL 2000,2000,300,90,NO,YES,5840,YES,4336,3,1,0,0,0,0,0,0,0,1099,0,117.571
10,0x144B1CE5,EXPECTED_START,1,1,0,31.5,0.085,109.5,20.2,1.42,92.9,0,0,54.016,129.741,12000,4,12000,3200,9912,3200,NEVER,0,ALL 2000,2000,300,90,NO,YES,1795,YES,1280,31,35,0,0,0,0,0,0,0,376,0,129.741
11,0x144B1CE5,EXPECTED_START,1,1,0,77.0,0.037,52.3,26.4,1.69,64.6,1,0,31.155,78.721,12000,4,12000,3200,4919,2758,NEVER,0,ALL 2000,2000,300,90,NO,YES,2706,YES,1928,13,16,0,0,0,0,0,0,0,582,0,78.721
12,0x144B1CE5,EXPECTED_START,1,1,0,42.8,0.080,112.9,20.0,1.64,168.5,0,1,59.130,132.854,12000,4,12000,3200,10821,3200,NEVER,0,ALL 2000,2000,300,90,NO,YES,2089,YES,1488,21,25,0,0,0,0,0,0,0,433,0,132.854
13,0x144B1CE5,EXPECTED_START,1,1,0,36.9,0.029,39.0,35.5,2.24,155.6,1,0,33.948,74.510,11658,4,11658,3200,11587,3200,NEVER,0,ALL 2000,2000,300,90,NO,YES,3846,YES,2748,5,6,0,0,0,0,0,0,0,852,0,74.510
14,0x144B1CE5,PHYSICAL_STALL,0,0,1,49.5,0.068,24.8,10.9,2.11,183.4,1,0,65.527,35.680,4478,4,4478,2578,4478,2578,NEVER,0,ALL 2000,2000,300,90,NO,NO,NEVER,NO,NEVER,0,0,0,0,0,0,0,0,0,0,0,35.680
15,0x144B1CE5,PHYSICAL_STALL,0,0,1,41.9,0.172,67.8,12.8,2.09,152.6,1,0,153.555,80.546,12000,4,12000,3200,12000,3200,NEVER,0,ALL 2000,2000,300,90,NO,NO,NEVER,NO,NEVER,0,0,0,0,0,0,0,0,0,0,0,80.546
16,0x144B1CE5,EXPECTED_START,1,1,0,6.4,0.016,25.7,31.1,1.82,113.6,0,1,17.715,56.829,8389,4,8389,3200,5006,2794,NEVER,0,ALL 2000,2000,300,90,NO,YES,3214,YES,2284,8,10,0,0,0,0,0,0,0,664,0,56.829
17,0x144B1CE5,PHYSICAL_STALL,0,0,1,56.0,0.134,22.4,38.4,1.98,59.8,0,0,115.086,60.801,9123,4,9123,3200,9123,3200,NEVER,0,ALL 2000,2000,300,90,NO,NO,NEVER,NO,NEVER,0,0,0,0,0,0,0,0,0,0,0,60.801
18,0x144B1CE5,PHYSICAL_STALL,0,0,1,24.4,0.156,105.3,17.1,2.43,127.1,0,1,163.474,122.427,12000,4,12000,3200,12000,3200,NEVER,0,ALL 2000,2000,300,90,NO,NO,NEVER,NO,NEVER,0,0,0,0,0,0,0,0,0,0,0,122.427
19,0x144B1CE5,EXPECTED_START,1,1,0,49.0,0.093,104.7,11.1,1.56,59.8,1,0,64.912,115.798,12000,4,12000,3200,9053,3200,NEVER,0,ALL 2000,2000,300,90,NO,YES,2394,YES,1712,17,21,0,0,0,0,0,0,0,321,0,115.798
20,0x144B1CE5,PHYSICAL_STALL,0,0,1,74.9,0.110,60.2,31.7,2.32,196.9,0,0,111.771,91.822,12000,4,12000,3200,12000,3200,NEVER,0,ALL 2000,2000,300,90,NO,NO,NEVER,NO,NEVER,0,0,0,0,0,0,0,0,0,0,0,91.822
21,0x144B1CE5,EXPECTED_START,1,1,0,44.9,0.115,115.3,38.4,2.28,145.7,0,0,114.523,140.000,12000,4,12000,3200,12000,3200,NEVER,0,ALL 2000,2000,300,90,NO,YES,5002,YES,3540,3,1,0,0,0,0,0,0,0,1056,0,140.000
22,0x144B1CE5,PHYSICAL_STALL,0,0,1,65.6,0.172,87.4,19.2,2.07,149.5,1,0,152.233,106.653,12000,4,12000,3200,12000,3200,NEVER,0,ALL 2000,2000,300,90,NO,NO,NEVER,NO,NEVER,0,0,0,0,0,0,0,0,0,0,0,106.653
23,0x144B1CE5,EXPECTED_START,1,1,0,66.7,0.040,47.0,11.3,1.36,124.0,0,1,26.787,58.368,8677,4,8672,3200,2618,1819,NEVER,0,ALL 2000,2000,300,90,NO,YES,2687,YES,1908,12,15,0,0,0,0,0,0,0,188,0,58.368
24,0x144B1CE5,EXPECTED_START,1,1,0,14.6,0.031,59.4,11.1,1.64,92.3,0,0,25.991,70.446,10908,4,10908,3200,3962,2367,NEVER,0,ALL 2000,2000,300,90,NO,YES,2721,YES,1936,12,15,0,0,0,0,0,0,0,506,0,70.446
