00,B9CE083786B94AC6,419CF934,3CFF3DD4,42E16EEC,41134ABC,4012683D,429329A3,3D2E10D1,1,1
01,908D2F6541ED9A9B,4200D460,3CD3AE61,42915D70,412C5C07,3FF71392,431127AF,3ECE80A9,1,0
02,4E390CCF13D1068B,42AC4631,3DDEC037,424E9A6A,411B4F0D,3FB29641,43049B7B,3EB9B4B1,1,1
03,1F5D77BEBF2AA60E,42B2129E,3E374E1F,426A4AA9,418DD958,4015BDDA,42957EC6,3F1ADD5F,1,1
04,9B26C0627B448A16,418149F6,3E07A26A,423ED65B,4183F41A,3FE55EC0,433A6159,3F5302A2,0,1
05,C999C281437FDD1B,422E100B,3D8263AC,42BE3FF4,41E51E65,4002370F,430278C1,3F444D03,1,0
06,594A24C840CD6A43,42BA6393,3E025B9D,426C4185,4128DE37,3FFE7749,4326F906,3F1707CC,1,1
07,1AD1D9129DB11A40,4287B952,3E1B399D,42BC8B76,41C810C5,3FDDFC20,426AEBF4,3DED82E1,0,0
08,229B19C201C23699,42A4E14E,3E1EBBE5,42813C38,4189CF02,3FCF3E41,42C51EF7,3F230D7D,0,0
09,EA43BCF6D0C06FA5,427BA0AB,3DE58F58,42BB90F7,41BE4CE4,4007D833,42A5F362,3E7207D9,1,0
10,470170F62BA6D699,41FC20A5,3DAE1934,42DB0744,41A1D13A,3FB5C5EA,42B9B798,3E4308A1,0,0
11,6BBDBB71D8ACEEF3,429A07BF,3D1789C3,4251379E,41D3555E,3FD8B5AF,428122C3,3E39FC61,1,0
12,FAE76E20773D8E83,422B4873,3DA4A534,42E1BA5F,419FEA9D,3FD15F4A,43287614,3F319416,0,1
13,5C3AE98C988AB1E3,42139B74,3CEE01F6,421C1CD6,420DED8E,400F60CF,431BA49D,3C052A41,1,0
14,5CC678C86B254C75,42460107,3D8AED8C,41C62025,412EA0BE,400738FC,43376445,3F653A9E,1,0
15,836BDF1CD73C4A67,4227752E,3E2FD3FF,4287870E,414C834C,4005B89E,43189346,3EBC8145,1,0
16,2AE343E615FCDC70,40CBC8D7,3C81E506,41CDBEF6,41F8E3D8,3FE86A35,42E33F9B,3F06A0B4,0,1
17,A21263ABE0388187,425FD81B,3E091150,41B395CE,4219698B,3FFDED36,426F5FC4,3F019024,0,0
18,A3865307AA4FB383,41C386AA,3E201BD9,42D2B220,4188A1F0,401BA79B,42FE44E3,3F2301E4,0,1
19,3EB9BD72E0270731,4243E052,3DBF6F77,42D15759,413208D4,3FC8372D,426F2ABF,3F1BEDFB,1,0
20,FE0909D284B2BDE2,4295D57E,3DE061E0,4270AAA8,41FD3D4E,4014C972,4344E99C,3E21AF31,0,0
21,9CBD622166FE3769,423388EF,3DEAE0E9,42E6A288,421967E6,401214E4,4311BE6B,3C9609C1,0,0
22,C067B75A5D2472AF,42833005,3E2FA25B,42AEE4B1,4199A61E,4004B5B4,43157A01,3EE0F541,1,0
23,8008B133A05B94BC,4285672C,3D25240B,423C271C,41354708,3FAD84DA,42F817BA,3F267915,0,1
24,2F852300F9D6FE19,4169B15C,3CFBB9E0,426D726B,413158ED,3FD20D5A,42B88CF1,3F62CF91,0,0
