tick,time_s,eb74_invocations,load_ctrl,mapped_pre_eb74,last_actual_pre_eb74,rider_input_native,d7ec_rider,e1e8_output,m2aa,normal_permission,iq_request_positive,final_request_positive,final_request,final_iq,stage_mask,scenario_t0
1,0.000250,131,12000,3200,750,0,0,0,0,0,0,0,0,0,0,1
4,0.001000,132,12000,3200,3200,831,0,0,0,0,0,0,0,0,1,0
400,0.100000,231,12000,3200,3200,2205,0,0,0,0,0,0,0,0,1,0
800,0.200000,331,12000,3200,3200,2205,0,0,0,0,0,0,0,0,1,0
1200,0.300000,431,12000,3200,3200,2205,0,0,0,0,0,0,0,0,1,0
1600,0.400000,531,12000,3200,3200,2205,0,0,0,0,0,0,0,0,1,0
2000,0.500000,631,12000,3200,3200,2205,0,0,0,0,0,0,0,0,1,0
2400,0.600000,731,12000,3200,3200,2205,0,0,0,0,0,0,0,0,1,0
2800,0.700000,831,12000,3200,3200,2205,0,0,0,0,0,0,0,0,1,0
3080,0.770000,901,12000,3200,3200,2205,95,0,0,0,0,0,0,0,3,0
3088,0.772000,903,12000,3200,3200,2312,95,0,50,1,1,1,3,3,251,0
3132,0.783000,914,12000,3200,3200,2380,105,67,399,1,1,1,27,27,255,0
3200,0.800000,931,12000,3200,3200,2380,103,135,749,1,1,1,52,52,255,0
3600,0.900000,1031,12000,3200,3200,2380,94,875,3248,1,1,1,227,227,255,0
4000,1.000000,1131,12000,3200,3200,2380,99,1411,5747,1,1,1,402,402,255,0
4400,1.100000,1231,12000,3200,3200,2380,101,1593,6500,1,1,1,455,455,255,0
4800,1.200000,1331,12000,3200,3200,2380,103,1774,6500,1,1,1,455,455,255,0
5200,1.300000,1431,12000,3200,3200,2380,103,1956,6500,1,1,1,455,455,255,0
5600,1.400000,1531,12000,3200,3200,2380,104,2138,6500,1,1,1,455,455,255,0
6000,1.500000,1631,10733,3200,3200,2380,104,2319,6500,1,1,1,455,455,255,0
6400,1.600000,1731,8645,3200,3200,2380,104,2501,6500,1,1,1,455,455,255,0
6800,1.700000,1831,6627,3200,3200,2380,105,2683,6500,1,1,1,455,455,255,0
7200,1.800000,1931,5087,2827,2827,2014,100,2864,6500,1,1,1,455,455,255,0
7600,1.900000,2031,4364,2531,2531,1712,93,3046,6500,1,1,1,455,455,255,0
8000,2.000000,2131,4631,2640,2640,1816,86,3228,6023,1,1,1,421,421,255,0
8400,2.100000,2231,5800,3118,3118,2287,107,3409,6500,1,1,1,455,455,255,0
8800,2.200000,2331,7459,3200,3200,2380,115,3591,6500,1,1,1,455,455,255,0
9200,2.300000,2431,8993,3200,3200,2380,121,3773,6500,1,1,1,455,455,255,0
9600,2.400000,2531,9722,3200,3200,2380,126,3954,6500,1,1,1,455,455,255,0
10000,2.500000,2631,9183,3200,3200,2380,136,4096,6500,1,1,1,455,455,255,0
10400,2.600000,2731,7399,3200,3200,2380,142,4096,6500,1,1,1,455,455,255,0
10800,2.700000,2831,4973,2780,2780,1977,144,4096,6500,1,1,1,455,455,255,0
11200,2.800000,2931,2917,1941,1941,1131,148,4096,6500,1,1,1,455,455,255,0
11600,2.900000,3031,2188,1643,1643,822,146,4096,6500,1,1,1,455,455,255,0
12000,3.000000,3131,3156,2038,2038,1206,145,4096,6500,1,1,1,455,455,255,0
12400,3.100000,3231,5327,2925,2925,2088,157,4096,6500,1,1,1,455,455,255,0
12800,3.200000,3331,7497,3200,3200,2380,180,4096,6500,1,1,1,455,455,255,0
13200,3.300000,3431,8362,3200,3200,2380,185,4096,6500,1,1,1,455,455,255,0
13600,3.400000,3531,7334,3200,3200,2380,196,4096,6500,1,1,1,455,455,255,0
14000,3.500000,3631,5006,2794,2794,1990,198,4096,6500,1,1,1,455,455,255,0
14400,3.600000,3731,2830,1905,1905,1096,191,4096,6500,1,1,1,455,455,255,0
14800,3.700000,3831,2199,1647,1647,824,194,4096,6500,1,1,1,455,455,255,0
15200,3.800000,3931,3374,2127,2127,1294,188,4096,6500,1,1,1,455,455,255,0
15600,3.900000,4031,5213,2878,2878,2047,187,4096,6500,1,1,1,455,455,255,0
16000,4.000000,4131,5985,3193,3193,2374,221,4096,6500,1,1,1,455,455,255,0
16400,4.100000,4231,4832,2723,2723,1916,219,4096,6500,1,1,1,428,428,255,0
16800,4.200000,4331,2542,1787,1787,982,217,4096,6500,1,1,1,427,426,255,0
17200,4.300000,4431,986,1152,1152,337,211,4096,6500,1,1,1,418,418,255,0
17600,4.400000,4531,1497,1361,1361,532,210,4096,6500,1,1,1,418,418,255,0
18000,4.500000,4631,3586,2214,2214,1377,212,4096,6500,1,1,1,414,414,255,0
18400,4.600000,4731,5256,2896,2896,2070,216,4096,6500,1,1,1,408,408,255,0
18800,4.700000,4831,4903,2752,2752,1941,222,4096,6500,1,1,1,404,404,255,0
19200,4.800000,4931,2885,1928,1928,1123,221,4096,6500,1,1,1,400,400,255,0
19600,4.900000,5031,1182,1232,1232,418,214,4096,6500,1,1,1,396,396,255,0
20000,5.000000,5131,1378,1312,1312,484,213,4096,6500,1,1,1,394,394,255,0
20400,5.100000,5231,2961,1959,1959,1128,212,4096,6500,1,1,1,392,392,255,0
20800,5.200000,5331,3874,2331,2331,1511,206,4096,6500,1,1,1,386,386,255,0
21200,5.300000,5431,2841,1910,1910,1102,204,4096,6466,1,1,1,388,388,255,0
21600,5.400000,5531,883,1110,1110,301,198,4096,6271,1,1,1,380,380,255,0
22000,5.500000,5631,542,971,971,151,197,4096,6154,1,1,1,378,378,255,0
22400,5.600000,5731,1497,1361,1361,528,192,4096,6004,1,1,1,379,379,255,0
22800,5.700000,5831,3238,2072,2072,1244,191,4096,5843,1,1,1,374,374,255,0
23200,5.800000,5931,3276,2087,2087,1273,186,4096,5731,1,1,1,371,371,255,0
23600,5.900000,6031,1612,1408,1408,601,181,4096,5582,1,1,1,369,369,255,0
24000,6.000000,6131,588,990,990,170,183,4096,5492,1,1,1,367,367,255,0
24400,6.100000,6231,812,1081,1081,258,178,4096,5309,1,1,1,366,366,255,0
24800,6.200000,6331,2161,1632,1632,805,176,4096,5211,1,1,1,364,364,255,0
25200,6.300000,6431,2243,1665,1665,851,171,4096,5068,1,1,1,354,354,255,0
25600,6.400000,6531,790,1072,1072,258,168,4096,4946,1,1,1,346,346,255,0
26000,6.500000,6631,362,897,897,77,167,4096,4854,1,1,1,339,339,255,0
26400,6.600000,6731,605,997,997,173,163,4096,4736,1,1,1,331,331,255,0
26800,6.700000,6831,1889,1521,1521,692,159,4096,4614,1,1,1,322,322,255,0
27200,6.800000,6931,2090,1603,1603,787,158,4096,4529,1,1,1,317,317,255,0
27600,6.900000,7031,774,1066,1066,250,157,4096,4444,1,1,1,311,311,255,0
28000,7.000000,7131,399,912,912,92,152,4096,4335,1,1,1,303,303,255,0
28400,7.100000,7231,616,1001,1001,178,151,4096,4289,1,1,1,300,300,255,0
28800,7.200000,7331,1410,1325,1325,501,147,4096,4146,1,1,1,290,290,255,0
29200,7.300000,7431,1041,1175,1175,363,143,4096,4035,1,1,1,282,282,255,0
29600,7.400000,7531,382,905,905,88,139,4096,3918,1,1,1,274,274,255,0
30000,7.500000,7631,263,857,857,36,137,4096,3873,1,1,1,271,271,255,0
30400,7.600000,7731,676,1026,1026,201,134,4096,3787,1,1,1,265,265,255,0
30800,7.700000,7831,1400,1321,1321,500,133,4096,3749,1,1,1,262,262,255,0
31200,7.800000,7931,763,1061,1061,245,131,4096,3665,1,1,1,256,256,255,0
31600,7.900000,8031,329,884,884,65,128,4096,3573,1,1,1,250,250,255,0
32000,8.000000,8131,362,897,897,76,127,4096,3561,1,1,1,249,249,255,0
